--商品のIDと名前決め必要（必ずItemテーブルからデータを入れる！！参照性整合制約あるからね）
insert into items(product_name,Price,count,search_name)VALUE('クラシックベッド',45000,0,'ベット_bed_ベッド_寝床_べっと');
insert into items(product_name,Price,count,search_name)VALUE('カジュアルベッド',30000,0,'ベット_bed_ベッド_寝床_べっと');
insert into items(product_name,Price,count,search_name)VALUE('二段ベッド',100000,0,'ベット_bed_ベッド_寝床_べっと');
insert into items(product_name,Price,count,search_name)VALUE('メルヘンベッド',28000,0,'ベット_bed_ベッド_寝床_べっと');
insert into items(product_name,Price,count,search_name)VALUE('スタンダードベッド',50000,0,'ベット_bed_ベッド_寝床_べっと');
insert into items(product_name,Price,count,search_name)VALUE('モダンベッド',32000,0,'ベット_bed_ベッド_寝床_べっと');
insert into items(product_name,Price,count,search_name)VALUE('木製椅子A',7000,0,'椅子_イス_いす_chair_チェア');
insert into items(product_name,Price,count,search_name)VALUE('リラックスチェアA',9000,0,'椅子_イス_いす_chair_チェア_リラックス');
insert into items(product_name,Price,count,search_name)VALUE('木製椅子B',10000,0,'椅子_イス_いす_chair_チェア');
insert into items(product_name,Price,count,search_name)VALUE('木製椅子C',14000,0,'椅子_イス_いす_chair_チェア');
insert into items(product_name,Price,count,search_name)VALUE('リラックスチェアB',8000,0,'椅子_イス_いす_chair_チェア_リラックス');
insert into items(product_name,Price,count,search_name)VALUE('本棚A',70000,0,'本棚_棚_たな_タナ_本_収納_タンス_たんす');
insert into items(product_name,Price,count,search_name)VALUE('タンスA',30000,0,'本棚_棚_たな_タナ_本_収納_タンス_たんす');
insert into items(product_name,Price,count,search_name)VALUE('タンスB',25000,0,'本棚_棚_たな_タナ_本_収納_タンス_たんす');
insert into items(product_name,Price,count,search_name)VALUE('本棚B',19000,0,'本棚_棚_たな_タナ_本_収納_タンス_たんす');
insert into items(product_name,Price,count,search_name)VALUE('タンスC',13000,0,'本棚_棚_たな_タナ_本_収納_タンス_たんす');
insert into items(product_name,Price,count,search_name)VALUE('タンスD',21000,0,'本棚_棚_たな_タナ_本_収納_タンス_たんす');
insert into items(product_name,Price,count,search_name)VALUE('木製机A',18000,0,'机_つくえ_ツクエ_津久江_desk_デスク_table_テーブル_てーぶる');
insert into items(product_name,Price,count,search_name)VALUE('木製机B',20000,0,'机_つくえ_ツクエ_津久江_desk_デスク_table_テーブル_てーぶる');
insert into items(product_name,Price,count,search_name)VALUE('木製机C',35000,0,'机_つくえ_ツクエ_津久江_desk_デスク_table_テーブル_てーぶる');
insert into items(product_name,Price,count,search_name)VALUE('ガラス机',45000,0,'机_つくえ_ツクエ_津久江_desk_デスク_table_テーブル_てーぶる');
insert into items(product_name,Price,count,search_name)VALUE('木製机D',15000,0,'机_つくえ_ツクエ_津久江_desk_デスク_table_テーブル_てーぶる');
insert into items(product_name,Price,count,search_name)VALUE('木製机F',25000,0,'机_つくえ_ツクエ_津久江_desk_デスク_table_テーブル_てーぶる');
insert into items(product_name,Price,count,search_name)VALUE('キッチンA',41000,0,'収納_キッチン');
insert into items(product_name,Price,count,search_name)VALUE('キッチンB',32000,0,'収納_キッチン');
insert into items(product_name,Price,count,search_name)VALUE('キッチンC',60000,0,'収納_キッチン');
insert into items(product_name,Price,count,search_name)VALUE('ゴミ箱A',2300,0,'ゴミ箱_gomi_ゴミ_箱_はこ');
insert into items(product_name,Price,count,search_name)VALUE('ゴミ箱B',1200,0,'ゴミ箱_gomi_ゴミ_箱_はこ');
insert into items(product_name,Price,count,search_name)VALUE('ゴミ箱C',3100,0,'ゴミ箱_gomi_ゴミ_箱_はこ');
insert into items(product_name,Price,count,search_name)VALUE('植木鉢A',1300,0,'ガーデニング_ガーデン_植木_植木鉢_鉢_植物_観葉_観葉植物');
insert into items(product_name,Price,count,search_name)VALUE('植木鉢B',2500,0,'ガーデニング_ガーデン_植木_植木鉢_鉢_植物_観葉_観葉植物');
insert into items(product_name,Price,count,search_name)VALUE('植木鉢C',1500,0,'ガーデニング_ガーデン_植木_植木鉢_鉢_植物_観葉_観葉植物');
insert into items(product_name,Price,count,search_name)VALUE('植木鉢D',800,0,'ガーデニング_ガーデン_植木_植木鉢_鉢_植物_観葉_観葉植物');
insert into items(product_name,Price,count,search_name)VALUE('植木鉢E',1700,0,'ガーデニング_ガーデン_植木_植木鉢_鉢_植物_観葉_観葉植物');
insert into items(product_name,Price,count,search_name)VALUE('植木鉢F',750,0,'ガーデニング_ガーデン_植木_植木鉢_鉢_植物_観葉_観葉植物');
insert into items(product_name,Price,count,search_name)VALUE('ソファーA','60000',0,'sofa_ソファー_そふぁー_クッション_ふかふか');
insert into items(product_name,Price,count,search_name)VALUE('ソファーB','45000',0,'sofa_ソファー_そふぁー_クッション_ふかふか');
insert into items(product_name,Price,count,search_name)VALUE('ソファーC','76000',0,'sofa_ソファー_そふぁー_クッション_ふかふか');
insert into items(product_name,Price,count,search_name)VALUE('ソファーD','87000',0,'sofa_ソファー_そふぁー_クッション_ふかふか');
insert into items(product_name,Price,count,search_name)VALUE('ソファーE','21000',0,'sofa_ソファー_そふぁー_クッション_ふかふか');
insert into items(product_name,Price,count,search_name)VALUE('ソファーF','21000',0,'sofa_ソファー_そふぁー_クッション_ふかふか');
insert into items(product_name,Price,count,search_name)VALUE('ソファーG','54000',0,'sofa_ソファー_そふぁー_クッション_ふかふか');
insert into items(product_name,Price,count,search_name)VALUE('ソファーH','93000',0,'sofa_ソファー_そふぁー_クッション_ふかふか');
insert into items(product_name,Price,count,search_name)VALUE('ソファーI','82000',0,'sofa_ソファー_そふぁー_クッション_ふかふか');
insert into items(product_name,Price,count,search_name)VALUE('ソファーJ','44000',0,'sofa_ソファー_そふぁー_クッション_ふかふか');
insert into items(product_name,Price,count,search_name)VALUE('ソファーK','11000',0,'sofa_ソファー_そふぁー_クッション_ふかふか');

--各（外部キーとしての）商品IDが持つ画像のIDと画像データ。
--必ず最初に外部キーのカラムにレコードがitemsテーブルに入ってなければならない。
insert into Item_img(item_img_id,product_id,product_img)VALUE('1','1','bed1.jpg');
insert into Item_img(item_img_id,product_id,product_img)VALUE('2','2','bed2.jpg');
insert into Item_img(item_img_id,product_id,product_img)VALUE('3','3','bed3.jpg');
insert into Item_img(item_img_id,product_id,product_img)VALUE('4','4','bed4.jpg');
insert into Item_img(item_img_id,product_id,product_img)VALUE('5','5','bed5.jpg');
insert into Item_img(item_img_id,product_id,product_img)VALUE('6','6','bed6.jpg');
insert into Item_img(item_img_id,product_id,product_img)VALUE('7','7','chair1.jpg');
insert into Item_img(item_img_id,product_id,product_img)VALUE('8','8','chair2.jpg');
insert into Item_img(item_img_id,product_id,product_img)VALUE('9','9','chair3.jpg');
insert into Item_img(item_img_id,product_id,product_img)VALUE('10','10','chair4.jpg');
insert into Item_img(item_img_id,product_id,product_img)VALUE('11','11','chair5.jpg');
insert into Item_img(item_img_id,product_id,product_img)VALUE('12','12','chest1.jpg');
insert into Item_img(item_img_id,product_id,product_img)VALUE('13','13','chest2.jpg');
insert into Item_img(item_img_id,product_id,product_img)VALUE('14','14','chest3.jpg');
insert into Item_img(item_img_id,product_id,product_img)VALUE('15','15','chest4.jpg');
insert into Item_img(item_img_id,product_id,product_img)VALUE('16','16','chest5.jpg');
insert into Item_img(item_img_id,product_id,product_img)VALUE('17','17','chest6.jpg');
insert into Item_img(item_img_id,product_id,product_img)VALUE('18','18','desk1.jpg');
insert into Item_img(item_img_id,product_id,product_img)VALUE('19','19','desk2.jpg');
insert into Item_img(item_img_id,product_id,product_img)VALUE('20','20','desk3.jpg');
insert into Item_img(item_img_id,product_id,product_img)VALUE('21','21','desk4.jpg');
insert into Item_img(item_img_id,product_id,product_img)VALUE('22','22','desk5.jpg');
insert into Item_img(item_img_id,product_id,product_img)VALUE('23','23','desk6.jpg');
insert into Item_img(item_img_id,product_id,product_img)VALUE('24','24','kitc1.jpg');
insert into Item_img(item_img_id,product_id,product_img)VALUE('25','25','kitc2.jpg');
insert into Item_img(item_img_id,product_id,product_img)VALUE('26','26','kitc3.jpg');
insert into Item_img(item_img_id,product_id,product_img)VALUE('27','27','other1.jpg');
insert into Item_img(item_img_id,product_id,product_img)VALUE('28','28','other2.jpg');
insert into Item_img(item_img_id,product_id,product_img)VALUE('29','29','other3.jpg');
insert into Item_img(item_img_id,product_id,product_img)VALUE('30','30','other4.jpg');
insert into Item_img(item_img_id,product_id,product_img)VALUE('31','31','other5.jpg');
insert into Item_img(item_img_id,product_id,product_img)VALUE('32','32','other6.jpg');
insert into Item_img(item_img_id,product_id,product_img)VALUE('33','33','other7.jpg');
insert into Item_img(item_img_id,product_id,product_img)VALUE('34','34','other8.jpg');
insert into Item_img(item_img_id,product_id,product_img)VALUE('35','35','other9.jpg');
insert into Item_img(item_img_id,product_id,product_img)VALUE('36','36','sofa1.png');
insert into Item_img(item_img_id,product_id,product_img)VALUE('37','37','sofa2.jpg');
insert into Item_img(item_img_id,product_id,product_img)VALUE('38','38','sofa3.jpg');
insert into Item_img(item_img_id,product_id,product_img)VALUE('39','39','sofa4.jpg');
insert into Item_img(item_img_id,product_id,product_img)VALUE('40','40','sofa5.jpg');
insert into Item_img(item_img_id,product_id,product_img)VALUE('41','41','sofa6.jpg');
insert into Item_img(item_img_id,product_id,product_img)VALUE('42','42','sofa7.jpg');
insert into Item_img(item_img_id,product_id,product_img)VALUE('43','43','sofa8.jpg');
insert into Item_img(item_img_id,product_id,product_img)VALUE('44','44','sofa9.jpg');
insert into Item_img(item_img_id,product_id,product_img)VALUE('45','45','sofa10.jpg');
insert into Item_img(item_img_id,product_id,product_img)VALUE('46','46','sofa11.jpg');


insert into Item_img(item_img_id,product_id,product_img)VALUE('47','47','');


--1=ベッド,2=イス,3=収納,4=デスク,5=キッチン,6=その他,7=ソファー

insert into category_info(info_id,categoryname)VALUE(1,'ベッド');
insert into category_info(info_id,categoryname)VALUE(2,'イス');
insert into category_info(info_id,categoryname)VALUE(3,'収納');
insert into category_info(info_id,categoryname)VALUE(4,'デスク');
insert into category_info(info_id,categoryname)VALUE(5,'キッチン');
insert into category_info(info_id,categoryname)VALUE(6,'その他');
insert into category_info(info_id,categoryname)VALUE(7,'ソファー');

--後はカテゴライズテーブルだよねぇ...ER図見ないときついかも

insert into Item_category(product_id,info_id)VALUE(1,1);
insert into Item_category(product_id,info_id)VALUE(2,1);
insert into Item_category(product_id,info_id)VALUE(3,1);
insert into Item_category(product_id,info_id)VALUE(4,1);
insert into Item_category(product_id,info_id)VALUE(5,1);
insert into Item_category(product_id,info_id)VALUE(6,1);
insert into Item_category(product_id,info_id)VALUE(7,2);
insert into Item_category(product_id,info_id)VALUE(8,2);
insert into Item_category(product_id,info_id)VALUE(9,2);
insert into Item_category(product_id,info_id)VALUE(10,2);
insert into Item_category(product_id,info_id)VALUE(11,2);
insert into Item_category(product_id,info_id)VALUE(12,3);
insert into Item_category(product_id,info_id)VALUE(13,3);
insert into Item_category(product_id,info_id)VALUE(14,3);
insert into Item_category(product_id,info_id)VALUE(15,3);
insert into Item_category(product_id,info_id)VALUE(16,3);
insert into Item_category(product_id,info_id)VALUE(17,3);
insert into Item_category(product_id,info_id)VALUE(18,4);
insert into Item_category(product_id,info_id)VALUE(19,4);
insert into Item_category(product_id,info_id)VALUE(20,4);
insert into Item_category(product_id,info_id)VALUE(21,4);
insert into Item_category(product_id,info_id)VALUE(22,4);
insert into Item_category(product_id,info_id)VALUE(23,4);
insert into Item_category(product_id,info_id)VALUE(24,5);
insert into Item_category(product_id,info_id)VALUE(25,5);
insert into Item_category(product_id,info_id)VALUE(26,5);
insert into Item_category(product_id,info_id)VALUE(27,6);
insert into Item_category(product_id,info_id)VALUE(28,6);
insert into Item_category(product_id,info_id)VALUE(29,6);
insert into Item_category(product_id,info_id)VALUE(30,6);
insert into Item_category(product_id,info_id)VALUE(31,6);
insert into Item_category(product_id,info_id)VALUE(32,6);
insert into Item_category(product_id,info_id)VALUE(33,6);
insert into Item_category(product_id,info_id)VALUE(34,6);
insert into Item_category(product_id,info_id)VALUE(35,6);
insert into Item_category(product_id,info_id)VALUE(36,7);
insert into Item_category(product_id,info_id)VALUE(37,7);
insert into Item_category(product_id,info_id)VALUE(38,7);
insert into Item_category(product_id,info_id)VALUE(39,7);
insert into Item_category(product_id,info_id)VALUE(40,7);
insert into Item_category(product_id,info_id)VALUE(41,7);
insert into Item_category(product_id,info_id)VALUE(42,7);
insert into Item_category(product_id,info_id)VALUE(43,7);
insert into Item_category(product_id,info_id)VALUE(44,7);
insert into Item_category(product_id,info_id)VALUE(45,7);
insert into Item_category(product_id,info_id)VALUE(46,7);

--カテゴライズしたけど、カテゴリーIDだけじゃわからないよね？
--何がわからないのかというと、カテゴリーID＝１はベッド～カテゴリーID＝２はイス～みたいな


--ちなみに、商品レビューテーブルはusersテーブルのuser_idとItemsテーブルのproduct_idで、それぞれ複合主キーと外部キーで構成されている。何言ってるかわからない場合は、とりあえず、レビューテーブルが成り立つには、usersテーブルとItemsテーブルにレコードがないと無理ってこと。それもちゃんとアカウント登録してて、product_id持ってるuserアカウントのレコードじゃないとねややこい。

